{"8WB0BZnACfyaI3/33ONjRA==":"qq%E5%9B%BE%E7%89%8720211223185451-840x479.jpg","z6cr7KlZDVDxpSKMU67t8w==":"mbr-816x435.jpg","48YUILEaBqEcJg3NbQ9w3w==":"mbr-816x435.jpeg","KUcYbwhTpAjrncrD8v71BA==":"mbr-695x366.jpeg","nSdCn1UKlHNl4a3QEZpAFQ==":"mbr-1-816x435.jpeg","XpFcE+fww5mj2Bqj+jVjbA==":"mbr-695x463.jpeg","DM6KhKiV+1tFAv7UY4qINg==":"mbr-1-695x463.jpeg","LQ4B2jPZIRBE74DbPLW2jg==":"mbr-695x442.jpeg","U9mgc5DZMSi8yMNpiuKP5g==":"2.jpeg","X7PjGq/meI9CjWrNkyaasA==":"qq%E5%9B%BE%E7%89%8720211223185-220x124.jpg","juS9E45CHIMlbTeJl+bnAg==":"qq%E5%9B%BE%E7%89%8720211223185-578x363.jpg","xXOkCazGsJNeQujWRcgLMA==":"cbca9fef0d25137cbcf15dbc9e02374481676792be7a3c4e6-680x445.png"}